{"b": 0.1668916488219184, "r": 0.2288782839711784, "e": 0.5284804042200677, "n": 0.5449872174253356, "c": 0.187514404438554, "k": 0.1853921528198694, "m": 0.2921238270873808, "a": 0.4965374000296781, ",": 0.6366817391214108, ".": 1.0, "t": 0.2933128294091642, "i": 0.619620626267463, "g": 0.0779508207039511, "-": 0.020674192027183607, "y": 0.07208570185302716, "l": 0.13283385238857953, " ": 0.4300633110302032, "u": 0.018793095375280858, "w": 0.19863982279455455, "s": 0.454035002433492, "p": 0.019392592976113576, "f": 0.06157184540008024, "v": 0.02166108107707621, "d": 0.3391348786672669, "o": 0.09500079093702664, "h": 0.21844756648192573, "z": 0.0069710499266446265, "j": 0.05599374537678766, "'": 0.0, "x": 0.0, "q": 0.0, "\n": 0.001657942398448991, "(": 0.0, ")": 0.0, "/": 0.0, "+": 0.0, "1": 0.0, "2": 0.0, "5": 0.0, "8": 0.0}