{"b": 0.13450973266839403, "r": 0.5664171649134133, "e": 0.47294584138616863, "n": 0.40750869418511404, "c": 0.2339042854172005, "k": 0.16526475015617406, "m": 0.17769097075117088, "a": 0.732636360591541, ",": 0.5895370226089924, ".": 1.0, "t": 0.21895540597992633, "i": 0.2059239767637292, "g": 0.13634287292514613, "-": 0.0, "y": 0.11073297399265944, "l": 0.3811018226727219, " ": 0.5148772958191128, "u": 0.1460076360707962, "w": 0.09793715735397822, "s": 0.22274459741999764, "p": 0.09464271358572521, "f": 0.12517093089615208, "v": 0.029728509013427593, "d": 0.37635290304213925, "o": 0.2820539036397617, "h": 0.17280045921828144, "z": 0.026427943707867187, "j": 0.14454574524136424, "'": 0.022651942585454322, "x": 0.0, "q": 0.0, "\n": 0.0, "(": 0.0, ")": 0.0, "/": 0.0, "+": 0.0, "1": 0.0, "2": 0.0, "5": 0.0, "8": 0.0}